mysql> select *from bank;
+--------+----------+-----------------+-------------+----------------+
| acc_id | acc_type | acc_holder_name | acc_balance | acc_holder_dob |
+--------+----------+-----------------+-------------+----------------+
|   7579 | current  | krithik         |       10000 | 0000-00-00     |
|   3456 | savings  | tarun           |        5000 | 0000-00-00     |
+--------+----------+-----------------+-------------+----------------+
2 rows in set (0.00 sec)

mysql> select *from bank where acc_balance=5000;
+--------+----------+-----------------+-------------+----------------+
| acc_id | acc_type | acc_holder_name | acc_balance | acc_holder_dob |
+--------+----------+-----------------+-------------+----------------+
|   3456 | savings  | tarun           |        5000 | 0000-00-00     |
+--------+----------+-----------------+-------------+----------------+
1 row in set (0.00 sec)

mysql> select *from bank where acc_id=7579;
+--------+----------+-----------------+-------------+----------------+
| acc_id | acc_type | acc_holder_name | acc_balance | acc_holder_dob |
+--------+----------+-----------------+-------------+----------------+
|   7579 | current  | krithik         |       10000 | 0000-00-00     |
+--------+----------+-----------------+-------------+----------------+
1 row in set (0.00 sec)